folder,file,state,speed_setting,speed_profile
Bearing 6213 Norm-OR Dataset,7.1.rawdata.wav,normal,973,constant
Bearing 6213 Norm-OR Dataset,8.1.rawdata.wav,normal,973,constant
Bearing 6213 Norm-OR Dataset,9.1.rawdata.wav,normal,973,constant
Bearing 6213 Norm-OR Dataset,10.1.rawdata.wav,normal,973,constant
Bearing 6213 Norm-OR Dataset,11.1.rawdata.wav,normal,973,constant
Bearing 6213 Norm-OR Dataset,12.1.rawdata.wav,normal,973,constant
Bearing 6213 Norm-OR Dataset,13.1.rawdata.wav,normal,973,constant
Bearing 6213 Norm-OR Dataset,14.1.rawdata.wav,normal,973,constant
Bearing 6213 Norm-OR Dataset,15.1.rawdata.wav,normal,973,constant
Bearing 6213 Norm-OR Dataset,16.1.rawdata.wav,normal,973,constant
Bearing 6213 Norm-OR Dataset,17.1.rawdata.wav,normal,973,constant
Bearing 6213 Norm-OR Dataset,18.1.rawdata.wav,normal,973,constant
Bearing 6213 Norm-OR Dataset,19.1.rawdata.wav,normal,973,constant
Bearing 6213 Norm-OR Dataset,20.1.rawdata.wav,normal,973,constant
Bearing 6213 Norm-OR Dataset,21.1.rawdata.wav,normal,973,constant
Bearing 6213 Norm-OR Dataset,22.1.rawdata.wav,normal,973,constant
Bearing 6213 Norm-OR Dataset,23.1.rawdata.wav,normal,973,constant
Bearing 6213 Norm-OR Dataset,24.1.rawdata.wav,normal,973,constant
Bearing 6213 Norm-OR Dataset,25.1.rawdata.wav,normal,973,constant
Bearing 6213 Norm-OR Dataset,26.1.rawdata.wav,normal,973,constant
Bearing 6213 Norm-OR Dataset,52.1.rawdata.wav,outer+inner,973,constant
Bearing 6213 Norm-OR Dataset,53.1.rawdata.wav,outer+inner,973,constant
Bearing 6213 Norm-OR Dataset,54.1.rawdata.wav,outer+inner,973,constant
Bearing 6213 Norm-OR Dataset,55.1.rawdata.wav,outer+inner,973,constant
Bearing 6213 Norm-OR Dataset,56.1.rawdata.wav,outer+inner,973,constant
Bearing 6213 Norm-OR Dataset,57.1.rawdata.wav,outer+inner,973,constant
Bearing 6213 Norm-OR Dataset,58.1.rawdata.wav,outer+inner,973,constant
Bearing 6213 Norm-OR Dataset,59.1.rawdata.wav,outer+inner,973,constant
Bearing 6213 Norm-OR Dataset,60.1.rawdata.wav,outer+inner,973,constant
Bearing 6213 Norm-OR Dataset,61.1.rawdata.wav,outer+inner,973,constant
Bearing 6213 Norm-OR Dataset,62.1.rawdata.wav,outer+inner,973,constant
Bearing 6213 Norm-OR Dataset,63.1.rawdata.wav,outer+inner,973,constant
Bearing 6213 Norm-OR Dataset,64.1.rawdata.wav,outer+inner,973,constant
Bearing 6213 Norm-OR Dataset,65.1.rawdata.wav,outer+inner,973,constant
Bearing 6213 Norm-OR Dataset,66.1.rawdata.wav,outer+inner,973,constant
Bearing 6213 Norm-OR Dataset,67.1.rawdata.wav,outer+inner,973,constant
Bearing 6213 Norm-OR Dataset,68.1.rawdata.wav,outer+inner,973,constant
Bearing 6213 Norm-OR Dataset,69.1.rawdata.wav,outer+inner,973,constant
Bearing 6213 Norm-OR Dataset,70.1.rawdata.wav,outer+inner,973,constant
Bearing 6213 Norm-OR Dataset,71.1.rawdata.wav,outer+inner,973,constant
Bearing 6213 OR Dataset,76.1.rawdata.wav,outer,800.0,constant
Bearing 6213 OR Dataset,77.1.rawdata.wav,outer,800.0,constant
Bearing 6213 OR Dataset,78.1.rawdata.wav,outer,800.0,constant
Bearing 6213 OR Dataset,79.1.rawdata.wav,outer,800.0,constant
Bearing 6213 OR Dataset,80.1.rawdata.wav,outer,800.0,constant
Bearing 6213 OR Dataset,81.1.rawdata.wav,outer,805.0,constant
Bearing 6213 OR Dataset,82.1.rawdata.wav,outer,805.0,constant
Bearing 6213 OR Dataset,83.1.rawdata.wav,outer,805.0,constant
Bearing 6213 OR Dataset,84.1.rawdata.wav,outer,805.0,constant
Bearing 6213 OR Dataset,85.1.rawdata.wav,outer,805.0,constant
Bearing 6213 OR Dataset,86.1.rawdata.wav,outer,810.1,constant
Bearing 6213 OR Dataset,87.1.rawdata.wav,outer,810.1,constant
Bearing 6213 OR Dataset,88.1.rawdata.wav,outer,810.1,constant
Bearing 6213 OR Dataset,89.1.rawdata.wav,outer,810.1,constant
Bearing 6213 OR Dataset,90.1.rawdata.wav,outer,810.1,constant
Bearing 6213 OR Dataset,91.1.rawdata.wav,outer,815.1,constant
Bearing 6213 OR Dataset,92.1.rawdata.wav,outer,815.1,constant
Bearing 6213 OR Dataset,93.1.rawdata.wav,outer,815.1,constant
Bearing 6213 OR Dataset,94.1.rawdata.wav,outer,815.1,constant
Bearing 6213 OR Dataset,95.1.rawdata.wav,outer,815.1,constant
Bearing 6213 OR Dataset,96.1.rawdata.wav,outer,820.1,constant
Bearing 6213 OR Dataset,97.1.rawdata.wav,outer,820.1,constant
Bearing 6213 OR Dataset,98.1.rawdata.wav,outer,820.1,constant
Bearing 6213 OR Dataset,99.1.rawdata.wav,outer,820.1,constant
Bearing 6213 OR Dataset,100.1.rawdata.wav,outer,820.1,constant
Bearing 6213 OR Dataset,101.1.rawdata.wav,outer,825.0,constant
Bearing 6213 OR Dataset,102.1.rawdata.wav,outer,825.0,constant
Bearing 6213 OR Dataset,103.1.rawdata.wav,outer,825.0,constant
Bearing 6213 OR Dataset,104.1.rawdata.wav,outer,825.0,constant
Bearing 6213 OR Dataset,105.1.rawdata.wav,outer,825.0,constant
Bearing 6213 OR Dataset,106.1.rawdata.wav,outer,830.0,constant
Bearing 6213 OR Dataset,107.1.rawdata.wav,outer,830.0,constant
Bearing 6213 OR Dataset,108.1.rawdata.wav,outer,830.0,constant
Bearing 6213 OR Dataset,109.1.rawdata.wav,outer,830.0,constant
Bearing 6213 OR Dataset,110.1.rawdata.wav,outer,830.0,constant
Bearing 6213 OR Dataset,111.1.rawdata.wav,outer,835.1,constant
Bearing 6213 OR Dataset,112.1.rawdata.wav,outer,835.1,constant
Bearing 6213 OR Dataset,113.1.rawdata.wav,outer,835.1,constant
Bearing 6213 OR Dataset,114.1.rawdata.wav,outer,835.1,constant
Bearing 6213 OR Dataset,115.1.rawdata.wav,outer,835.1,constant
Bearing 6213 OR Dataset,116.1.rawdata.wav,outer,840.1,constant
Bearing 6213 OR Dataset,117.1.rawdata.wav,outer,840.1,constant
Bearing 6213 OR Dataset,118.1.rawdata.wav,outer,840.1,constant
Bearing 6213 OR Dataset,119.1.rawdata.wav,outer,840.1,constant
Bearing 6213 OR Dataset,120.1.rawdata.wav,outer,840.1,constant
Bearing 6213 OR Dataset,121.1.rawdata.wav,outer,845.1,constant
Bearing 6213 OR Dataset,122.1.rawdata.wav,outer,845.1,constant
Bearing 6213 OR Dataset,123.1.rawdata.wav,outer,845.1,constant
Bearing 6213 OR Dataset,124.1.rawdata.wav,outer,845.1,constant
Bearing 6213 OR Dataset,125.1.rawdata.wav,outer,845.1,constant
Bearing 6213 OR Dataset,126.1.rawdata.wav,outer,850.0,constant
Bearing 6213 OR Dataset,127.1.rawdata.wav,outer,850.0,constant
Bearing 6213 OR Dataset,128.1.rawdata.wav,outer,850.0,constant
Bearing 6213 OR Dataset,129.1.rawdata.wav,outer,850.0,constant
Bearing 6213 OR Dataset,130.1.rawdata.wav,outer,850.0,constant
Bearing 6213 OR Dataset,131.1.rawdata.wav,outer,855.1,constant
Bearing 6213 OR Dataset,132.1.rawdata.wav,outer,855.1,constant
Bearing 6213 OR Dataset,133.1.rawdata.wav,outer,855.1,constant
Bearing 6213 OR Dataset,134.1.rawdata.wav,outer,855.1,constant
Bearing 6213 OR Dataset,135.1.rawdata.wav,outer,855.1,constant
Bearing 6213 OR Dataset,136.1.rawdata.wav,outer,860.1,constant
Bearing 6213 OR Dataset,137.1.rawdata.wav,outer,860.1,constant
Bearing 6213 OR Dataset,138.1.rawdata.wav,outer,860.1,constant
Bearing 6213 OR Dataset,139.1.rawdata.wav,outer,860.1,constant
Bearing 6213 OR Dataset,140.1.rawdata.wav,outer,860.1,constant
Bearing 6213 OR Dataset,141.1.rawdata.wav,outer,865.1,constant
Bearing 6213 OR Dataset,142.1.rawdata.wav,outer,865.1,constant
Bearing 6213 OR Dataset,143.1.rawdata.wav,outer,865.1,constant
Bearing 6213 OR Dataset,144.1.rawdata.wav,outer,865.1,constant
Bearing 6213 OR Dataset,145.1.rawdata.wav,outer,865.1,constant
Bearing 6213 OR Dataset,146.1.rawdata.wav,outer,870.1,constant
Bearing 6213 OR Dataset,147.1.rawdata.wav,outer,870.1,constant
Bearing 6213 OR Dataset,148.1.rawdata.wav,outer,870.1,constant
Bearing 6213 OR Dataset,149.1.rawdata.wav,outer,870.1,constant
Bearing 6213 OR Dataset,150.1.rawdata.wav,outer,870.1,constant
Bearing 6213 OR Dataset,151.1.rawdata.wav,outer,875.1,constant
Bearing 6213 OR Dataset,152.1.rawdata.wav,outer,875.1,constant
Bearing 6213 OR Dataset,153.1.rawdata.wav,outer,875.1,constant
Bearing 6213 OR Dataset,154.1.rawdata.wav,outer,875.1,constant
Bearing 6213 OR Dataset,155.1.rawdata.wav,outer,875.1,constant
Bearing 6213 OR Dataset,156.1.rawdata.wav,outer,880.0,constant
Bearing 6213 OR Dataset,157.1.rawdata.wav,outer,880.0,constant
Bearing 6213 OR Dataset,158.1.rawdata.wav,outer,880.0,constant
Bearing 6213 OR Dataset,159.1.rawdata.wav,outer,880.0,constant
Bearing 6213 OR Dataset,160.1.rawdata.wav,outer,880.0,constant
Bearing 6213 OR Dataset,161.1.rawdata.wav,outer,885.0,constant
Bearing 6213 OR Dataset,162.1.rawdata.wav,outer,885.0,constant
Bearing 6213 OR Dataset,163.1.rawdata.wav,outer,885.0,constant
Bearing 6213 OR Dataset,164.1.rawdata.wav,outer,885.0,constant
Bearing 6213 OR Dataset,165.1.rawdata.wav,outer,885.0,constant
Bearing 6213 OR Dataset,166.1.rawdata.wav,outer,890.0,constant
Bearing 6213 OR Dataset,167.1.rawdata.wav,outer,890.0,constant
Bearing 6213 OR Dataset,168.1.rawdata.wav,outer,890.0,constant
Bearing 6213 OR Dataset,169.1.rawdata.wav,outer,890.0,constant
Bearing 6213 OR Dataset,170.1.rawdata.wav,outer,890.0,constant
Bearing 6213 OR Dataset,171.1.rawdata.wav,outer,895.1,constant
Bearing 6213 OR Dataset,172.1.rawdata.wav,outer,895.1,constant
Bearing 6213 OR Dataset,173.1.rawdata.wav,outer,895.1,constant
Bearing 6213 OR Dataset,174.1.rawdata.wav,outer,895.1,constant
Bearing 6213 OR Dataset,175.1.rawdata.wav,outer,895.1,constant
Bearing 6213 OR Dataset,176.1.rawdata.wav,outer,900.1,constant
Bearing 6213 OR Dataset,177.1.rawdata.wav,outer,900.1,constant
Bearing 6213 OR Dataset,178.1.rawdata.wav,outer,900.1,constant
Bearing 6213 OR Dataset,179.1.rawdata.wav,outer,900.1,constant
Bearing 6213 OR Dataset,180.1.rawdata.wav,outer,900.1,constant
Bearing 6213 OR Dataset,181.1.rawdata.wav,outer,unknown,constant
Bearing 6213 OR Dataset,182.1.rawdata.wav,outer,unknown,constant
Bearing 6213 OR Dataset,183.1.rawdata.wav,outer,unknown,constant
Bearing 6213 OR Dataset,184.1.rawdata.wav,outer,unknown,constant
Bearing 6213 OR Dataset,185.1.rawdata.wav,outer,unknown,constant
Bearing 6213 OR Dataset,186.1.rawdata.wav,outer,unknown,constant
Bearing 6213 OR Dataset,187.1.rawdata.wav,outer,unknown,constant
Bearing 6213 OR Dataset,188.1.rawdata.wav,outer,unknown,constant
Bearing 6213 OR Dataset,189.1.rawdata.wav,outer,unknown,constant
Bearing 6213 OR Dataset,190.1.rawdata.wav,outer,unknown,constant
Bearing 6213 OR Dataset,191.1.rawdata.wav,outer,unknown,constant
Bearing 6213 OR Dataset,192.1.rawdata.wav,outer,unknown,constant
Bearing 6213 OR Dataset,193.1.rawdata.wav,outer,unknown,constant
Bearing 6213 OR Dataset,194.1.rawdata.wav,outer,unknown,constant
Bearing 6213 OR Dataset,195.1.rawdata.wav,outer,unknown,constant
Constant speed dataset,1.wav,normal,50,constant
Constant speed dataset,2.wav,normal,100,constant
Constant speed dataset,3.wav,normal,150,constant
Constant speed dataset,4.wav,normal,200,constant
Constant speed dataset,5.wav,normal,250,constant
Constant speed dataset,6.wav,normal,300,constant
Constant speed dataset,7.wav,normal,350,constant
Constant speed dataset,8.wav,normal,400,constant
Constant speed dataset,9.wav,normal,450,constant
Constant speed dataset,10.wav,normal,500,constant
Constant speed dataset,11.wav,normal,550,constant
Constant speed dataset,12.wav,normal,600,constant
Constant speed dataset,13.wav,normal,650,constant
Constant speed dataset,14.wav,normal,700,constant
Constant speed dataset,15.wav,normal,750,constant
Constant speed dataset,16.wav,normal,800,constant
Constant speed dataset,17.wav,normal,850,constant
Constant speed dataset,18.wav,normal,900,constant
Constant speed dataset,19.wav,outer,50,constant
Constant speed dataset,20.wav,outer,100,constant
Constant speed dataset,21.wav,outer,150,constant
Constant speed dataset,22.wav,outer,200,constant
Constant speed dataset,23.wav,outer,250,constant
Constant speed dataset,24.wav,outer,300,constant
Constant speed dataset,25.wav,outer,350,constant
Constant speed dataset,26.wav,outer,400,constant
Constant speed dataset,27.wav,outer,450,constant
Constant speed dataset,28.wav,outer,500,constant
Constant speed dataset,29.wav,outer,550,constant
Constant speed dataset,30.wav,outer,600,constant
Constant speed dataset,31.wav,outer,650,constant
Constant speed dataset,32.wav,outer,700,constant
Constant speed dataset,33.wav,outer,750,constant
Constant speed dataset,34.wav,outer,800,constant
Constant speed dataset,35.wav,outer,850,constant
Constant speed dataset,36.wav,outer,900,constant
Vibration of bearing under conditions of moderately variated shaft speed,1.wav,normal,650+5,increasing
Vibration of bearing under conditions of moderately variated shaft speed,2.wav,normal,666+1,increasing
Vibration of bearing under conditions of moderately variated shaft speed,3.wav,normal,682+3,increasing
Vibration of bearing under conditions of moderately variated shaft speed,4.wav,normal,699+10,increasing
Vibration of bearing under conditions of moderately variated shaft speed,5.wav,normal,715-5,decreasing
Vibration of bearing under conditions of moderately variated shaft speed,6.wav,normal,731-3,decreasing
Vibration of bearing under conditions of moderately variated shaft speed,7.wav,normal,747+5,increasing
Vibration of bearing under conditions of moderately variated shaft speed,8.wav,normal,763+8,increasing
Vibration of bearing under conditions of moderately variated shaft speed,9.wav,normal,780+9,increasing
Vibration of bearing under conditions of moderately variated shaft speed,10.wav,normal,796-10,decreasing
Vibration of bearing under conditions of moderately variated shaft speed,11.wav,normal,812-6,decreasing
Vibration of bearing under conditions of moderately variated shaft speed,12.wav,normal,828-1,decreasing
Vibration of bearing under conditions of moderately variated shaft speed,13.wav,normal,844+2,increasing
Vibration of bearing under conditions of moderately variated shaft speed,14.wav,normal,861+4,increasing
Vibration of bearing under conditions of moderately variated shaft speed,15.wav,normal,877-5,decreasing
Vibration of bearing under conditions of moderately variated shaft speed,16.wav,normal,893+7,increasing
Vibration of bearing under conditions of moderately variated shaft speed,17.wav,normal,910+8,increasing
Vibration of bearing under conditions of moderately variated shaft speed,18.wav,normal,925-3,decreasing
Vibration of bearing under conditions of moderately variated shaft speed,19.wav,normal,942-9,decreasing
Vibration of bearing under conditions of moderately variated shaft speed,20.wav,normal,958-1,decreasing
Vibration of bearing under conditions of moderately variated shaft speed,21.wav,normal,975+4,increasing
Vibration of bearing under conditions of moderately variated shaft speed,22.wav,normal,650+1,increasing
Vibration of bearing under conditions of moderately variated shaft speed,23.wav,outer,650+3,increasing
Vibration of bearing under conditions of moderately variated shaft speed,24.wav,outer,666+8,increasing
Vibration of bearing under conditions of moderately variated shaft speed,25.wav,outer,682+1,increasing
Vibration of bearing under conditions of moderately variated shaft speed,26.wav,outer,754+10,increasing
Vibration of bearing under conditions of moderately variated shaft speed,27.wav,outer,699-5,decreasing
Vibration of bearing under conditions of moderately variated shaft speed,28.wav,outer,715-9,decreasing
Vibration of bearing under conditions of moderately variated shaft speed,29.wav,outer,731+7,increasing
Vibration of bearing under conditions of moderately variated shaft speed,30.wav,outer,747-6,decreasing
Vibration of bearing under conditions of moderately variated shaft speed,31.wav,outer,763+10,increasing
Vibration of bearing under conditions of moderately variated shaft speed,32.wav,outer,780-4,decreasing
Vibration of bearing under conditions of moderately variated shaft speed,33.wav,outer,796-3,decreasing
Vibration of bearing under conditions of moderately variated shaft speed,34.wav,outer,812+4,increasing
Vibration of bearing under conditions of moderately variated shaft speed,35.wav,outer,828+2,increasing
Vibration of bearing under conditions of moderately variated shaft speed,36.wav,outer,845-6,decreasing
Vibration of bearing under conditions of moderately variated shaft speed,37.wav,outer,861+6,increasing
Vibration of bearing under conditions of moderately variated shaft speed,38.wav,outer,877+5,increasing
Vibration of bearing under conditions of moderately variated shaft speed,39.wav,outer,893-1,decreasing
Vibration of bearing under conditions of moderately variated shaft speed,40.wav,outer,910+2,increasing
Vibration of bearing under conditions of moderately variated shaft speed,41.wav,outer,925-3,decreasing
Vibration of bearing under conditions of moderately variated shaft speed,42.wav,outer,942+7,increasing
Vibration of bearing under conditions of moderately variated shaft speed,43.wav,outer,958+4,increasing
Vibration of bearing under conditions of moderately variated shaft speed,44.wav,outer,975-8,decreasing
Variated speed dataset,1.wav,normal,0...900,varying
Variated speed dataset,2.wav,normal,0...900,varying
Variated speed dataset,3.wav,normal,0...900,increasing
Variated speed dataset,4.wav,normal,0...900,inc_dec
Variated speed dataset,5.wav,normal,0...900,decreasing
Variated speed dataset,6.wav,normal,0...300,increasing
Variated speed dataset,7.wav,normal,0...300,inc_dec
Variated speed dataset,8.wav,normal,0...300,decreasing
Variated speed dataset,9.wav,normal,300...600,increasing
Variated speed dataset,10.wav,normal,300...600,inc_dec
Variated speed dataset,11.wav,normal,300...600,decreasing
Variated speed dataset,12.wav,normal,600...900,increasing
Variated speed dataset,13.wav,normal,600...900,decreasing
Variated speed dataset,14.wav,normal,0...200,varying
Variated speed dataset,15.wav,normal,0...200,varying
Variated speed dataset,16.wav,normal,0...200,varying
Variated speed dataset,17.wav,normal,0...200,varying
Variated speed dataset,18.wav,normal,0...200,varying
Variated speed dataset,19.wav,normal,100...300,varying
Variated speed dataset,20.wav,normal,100...300,varying
Variated speed dataset,21.wav,normal,100...300,varying
Variated speed dataset,22.wav,normal,100...300,varying
Variated speed dataset,23.wav,normal,100...300,varying
Variated speed dataset,24.wav,normal,200...400,varying
Variated speed dataset,25.wav,normal,200...400,varying
Variated speed dataset,26.wav,normal,200...400,varying
Variated speed dataset,27.wav,normal,200...600,varying
Variated speed dataset,28.wav,normal,200...400,varying
Variated speed dataset,29.wav,normal,300...600,varying
Variated speed dataset,30.wav,normal,300...600,varying
Variated speed dataset,31.wav,normal,300...600,varying
Variated speed dataset,32.wav,normal,300...600,varying
Variated speed dataset,33.wav,normal,300...600,varying
Variated speed dataset,34.wav,normal,600...900,varying
Variated speed dataset,35.wav,normal,600...900,varying
Variated speed dataset,36.wav,normal,600...900,varying
Variated speed dataset,37.wav,normal,600...900,varying
Variated speed dataset,38.wav,normal,600...900,varying
Variated speed dataset,39.wav,outer,0...900,increasing
Variated speed dataset,40.wav,outer,0...900,inc_dec
Variated speed dataset,41.wav,outer,0...900,decreasing
Variated speed dataset,42.wav,outer,0...300,increasing
Variated speed dataset,43.wav,outer,0...300,inc_dec
Variated speed dataset,44.wav,outer,0...300,decreasing
Variated speed dataset,45.wav,outer,300...600,increasing
Variated speed dataset,46.wav,outer,300...600,inc_dec
Variated speed dataset,47.wav,outer,300...600,decreasing
Variated speed dataset,48.wav,outer,600...900,increasing
Variated speed dataset,49.wav,outer,600...900,inc_dec
Variated speed dataset,50.wav,outer,600...900,decreasing
Variated speed dataset,51.wav,outer,0...900,varying
Variated speed dataset,52.wav,outer,0...900,varying
Variated speed dataset,53.wav,outer,0...900,varying
Variated speed dataset,54.wav,outer,0...200,varying
Variated speed dataset,55.wav,outer,0...200,varying
Variated speed dataset,56.wav,outer,0...200,varying
Variated speed dataset,57.wav,outer,0...200,varying
Variated speed dataset,58.wav,outer,0...200,varying
Variated speed dataset,59.wav,outer,100...300,varying
Variated speed dataset,60.wav,outer,100...300,varying
Variated speed dataset,61.wav,outer,100...300,varying
Variated speed dataset,62.wav,outer,100...300,varying
Variated speed dataset,63.wav,outer,260...300,unknown
Variated speed dataset,64.wav,outer,100...300,varying
Variated speed dataset,65.wav,outer,200...400,varying
Variated speed dataset,66.wav,outer,200...400,varying
Variated speed dataset,67.wav,outer,200...400,varying
Variated speed dataset,68.wav,outer,200...400,varying
Variated speed dataset,69.wav,outer,200...400,varying
Variated speed dataset,70.wav,outer,300...600,varying
Variated speed dataset,71.wav,outer,300...600,varying
Variated speed dataset,72.wav,outer,300...600,varying
Variated speed dataset,73.wav,outer,300...600,varying
Variated speed dataset,74.wav,outer,300...600,varying
Variated speed dataset,75.wav,outer,600...900,varying
Variated speed dataset,76.wav,outer,600...900,varying
Variated speed dataset,77.wav,outer,600...900,varying
Variated speed dataset,78.wav,outer,600...900,varying
Variated speed dataset,79.wav,outer,600...900,varying
