file,native_label,fs,fault_end,sub_element,fault_size_in,or_position,load_hp,rpm
97.mat,Normal_0,48000,,,,,0,1797
98.mat,Normal_1,48000,,,,,1,1772
99.mat,Normal_2,48000,,,,,2,1750
100.mat,Normal_3,48000,,,,,3,1730
105.mat,IR007_0,12000,DE,inner_race,0.007,,0,1797
106.mat,IR007_1,12000,DE,inner_race,0.007,,1,1772
107.mat,IR007_2,12000,DE,inner_race,0.007,,2,1750
108.mat,IR007_3,12000,DE,inner_race,0.007,,3,1730
109.mat,IR007_0,48000,DE,inner_race,0.007,,0,1797
110.mat,IR007_1,48000,DE,inner_race,0.007,,1,1772
111.mat,IR007_2,48000,DE,inner_race,0.007,,2,1750
112.mat,IR007_3,48000,DE,inner_race,0.007,,3,1730
118.mat,B007_0,12000,DE,rolling_element,0.007,,0,1797
119.mat,B007_1,12000,DE,rolling_element,0.007,,1,1772
120.mat,B007_2,12000,DE,rolling_element,0.007,,2,1750
121.mat,B007_3,12000,DE,rolling_element,0.007,,3,1730
122.mat,B007_0,48000,DE,rolling_element,0.007,,0,1797
123.mat,B007_1,48000,DE,rolling_element,0.007,,1,1772
124.mat,B007_2,48000,DE,rolling_element,0.007,,2,1750
125.mat,B007_3,48000,DE,rolling_element,0.007,,3,1730
130.mat,OR007@6_0,12000,DE,outer_race,0.007,6:00,0,1797
131.mat,OR007@6_1,12000,DE,outer_race,0.007,6:00,1,1772
132.mat,OR007@6_2,12000,DE,outer_race,0.007,6:00,2,1750
133.mat,OR007@6_3,12000,DE,outer_race,0.007,6:00,3,1730
135.mat,OR007@6_0,48000,DE,outer_race,0.007,6:00,0,1797
136.mat,OR007@6_1,48000,DE,outer_race,0.007,6:00,1,1772
137.mat,OR007@6_2,48000,DE,outer_race,0.007,6:00,2,1750
138.mat,OR007@6_3,48000,DE,outer_race,0.007,6:00,3,1730
144.mat,OR007@3_0,12000,DE,outer_race,0.007,3:00,0,1797
145.mat,OR007@3_1,12000,DE,outer_race,0.007,3:00,1,1772
146.mat,OR007@3_2,12000,DE,outer_race,0.007,3:00,2,1750
147.mat,OR007@3_3,12000,DE,outer_race,0.007,3:00,3,1730
148.mat,OR007@3_0,48000,DE,outer_race,0.007,3:00,0,1797
149.mat,OR007@3_1,48000,DE,outer_race,0.007,3:00,1,1772
150.mat,OR007@3_2,48000,DE,outer_race,0.007,3:00,2,1750
151.mat,OR007@3_3,48000,DE,outer_race,0.007,3:00,3,1730
156.mat,OR007@12_0,12000,DE,outer_race,0.007,12:00,0,1797
158.mat,OR007@12_1,12000,DE,outer_race,0.007,12:00,1,1772
159.mat,OR007@12_2,12000,DE,outer_race,0.007,12:00,2,1750
160.mat,OR007@12_3,12000,DE,outer_race,0.007,12:00,3,1730
161.mat,OR007@12_0,48000,DE,outer_race,0.007,12:00,0,1797
162.mat,OR007@12_1,48000,DE,outer_race,0.007,12:00,1,1772
163.mat,OR007@12_2,48000,DE,outer_race,0.007,12:00,2,1750
164.mat,OR007@12_3,48000,DE,outer_race,0.007,12:00,3,1730
169.mat,IR014_0,12000,DE,inner_race,0.014,,0,1797
170.mat,IR014_1,12000,DE,inner_race,0.014,,1,1772
171.mat,IR014_2,12000,DE,inner_race,0.014,,2,1750
172.mat,IR014_3,12000,DE,inner_race,0.014,,3,1730
174.mat,IR014_0,48000,DE,inner_race,0.014,,0,1797
175.mat,IR014_1,48000,DE,inner_race,0.014,,1,1772
176.mat,IR014_2,48000,DE,inner_race,0.014,,2,1750
177.mat,IR014_3,48000,DE,inner_race,0.014,,3,1730
185.mat,B014_0,12000,DE,rolling_element,0.014,,0,1797
186.mat,B014_1,12000,DE,rolling_element,0.014,,1,1772
187.mat,B014_2,12000,DE,rolling_element,0.014,,2,1750
188.mat,B014_3,12000,DE,rolling_element,0.014,,3,1730
189.mat,B014_0,48000,DE,rolling_element,0.014,,0,1797
190.mat,B014_1,48000,DE,rolling_element,0.014,,1,1772
191.mat,B014_2,48000,DE,rolling_element,0.014,,2,1750
192.mat,B014_3,48000,DE,rolling_element,0.014,,3,1730
197.mat,OR014@6_0,12000,DE,outer_race,0.014,6:00,0,1797
198.mat,OR014@6_1,12000,DE,outer_race,0.014,6:00,1,1772
199.mat,OR014@6_2,12000,DE,outer_race,0.014,6:00,2,1750
200.mat,OR014@6_3,12000,DE,outer_race,0.014,6:00,3,1730
201.mat,OR014@6_0,48000,DE,outer_race,0.014,6:00,0,1797
202.mat,OR014@6_1,48000,DE,outer_race,0.014,6:00,1,1772
203.mat,OR014@6_2,48000,DE,outer_race,0.014,6:00,2,1750
204.mat,OR014@6_3,48000,DE,outer_race,0.014,6:00,3,1730
209.mat,IR021_0,12000,DE,inner_race,0.021,,0,1797
210.mat,IR021_1,12000,DE,inner_race,0.021,,1,1772
211.mat,IR021_2,12000,DE,inner_race,0.021,,2,1750
212.mat,IR021_3,12000,DE,inner_race,0.021,,3,1730
213.mat,IR021_0,48000,DE,inner_race,0.021,,0,1797
214.mat,IR021_1,48000,DE,inner_race,0.021,,1,1772
215.mat,IR021_2,48000,DE,inner_race,0.021,,2,1750
217.mat,IR021_3,48000,DE,inner_race,0.021,,3,1730
222.mat,B021_0,12000,DE,rolling_element,0.021,,0,1797
223.mat,B021_1,12000,DE,rolling_element,0.021,,1,1772
224.mat,B021_2,12000,DE,rolling_element,0.021,,2,1750
225.mat,B021_3,12000,DE,rolling_element,0.021,,3,1730
226.mat,B021_0,48000,DE,rolling_element,0.021,,0,1797
227.mat,B021_1,48000,DE,rolling_element,0.021,,1,1772
228.mat,B021_2,48000,DE,rolling_element,0.021,,2,1750
229.mat,B021_3,48000,DE,rolling_element,0.021,,3,1730
234.mat,OR021@6_0,12000,DE,outer_race,0.021,6:00,0,1797
235.mat,OR021@6_1,12000,DE,outer_race,0.021,6:00,1,1772
236.mat,OR021@6_2,12000,DE,outer_race,0.021,6:00,2,1750
237.mat,OR021@6_3,12000,DE,outer_race,0.021,6:00,3,1730
238.mat,OR021@6_0,48000,DE,outer_race,0.021,6:00,0,1797
239.mat,OR021@6_1,48000,DE,outer_race,0.021,6:00,1,1772
240.mat,OR021@6_2,48000,DE,outer_race,0.021,6:00,2,1750
241.mat,OR021@6_3,48000,DE,outer_race,0.021,6:00,3,1730
246.mat,OR021@3_0,12000,DE,outer_race,0.021,3:00,0,1797
247.mat,OR021@3_1,12000,DE,outer_race,0.021,3:00,1,1772
248.mat,OR021@3_2,12000,DE,outer_race,0.021,3:00,2,1750
249.mat,OR021@3_3,12000,DE,outer_race,0.021,3:00,3,1730
250.mat,OR021@3_0,48000,DE,outer_race,0.021,3:00,0,1797
251.mat,OR021@3_1,48000,DE,outer_race,0.021,3:00,1,1772
252.mat,OR021@3_2,48000,DE,outer_race,0.021,3:00,2,1750
253.mat,OR021@3_3,48000,DE,outer_race,0.021,3:00,3,1730
258.mat,OR021@12_0,12000,DE,outer_race,0.021,12:00,0,1797
259.mat,OR021@12_1,12000,DE,outer_race,0.021,12:00,1,1772
260.mat,OR021@12_2,12000,DE,outer_race,0.021,12:00,2,1750
261.mat,OR021@12_3,12000,DE,outer_race,0.021,12:00,3,1730
262.mat,OR021@12_0,48000,DE,outer_race,0.021,12:00,0,1797
263.mat,OR021@12_1,48000,DE,outer_race,0.021,12:00,1,1772
264.mat,OR021@12_2,48000,DE,outer_race,0.021,12:00,2,1750
265.mat,OR021@12_3,48000,DE,outer_race,0.021,12:00,3,1730
270.mat,IR021_0,12000,FE,inner_race,0.021,,0,1797
271.mat,IR021_1,12000,FE,inner_race,0.021,,1,1772
272.mat,IR021_2,12000,FE,inner_race,0.021,,2,1750
273.mat,IR021_3,12000,FE,inner_race,0.021,,3,1730
274.mat,IR014_0,12000,FE,inner_race,0.014,,0,1797
275.mat,IR014_1,12000,FE,inner_race,0.014,,1,1772
276.mat,IR014_2,12000,FE,inner_race,0.014,,2,1750
277.mat,IR014_3,12000,FE,inner_race,0.014,,3,1730
278.mat,IR007_0,12000,FE,inner_race,0.007,,0,1797
279.mat,IR007_1,12000,FE,inner_race,0.007,,1,1772
280.mat,IR007_2,12000,FE,inner_race,0.007,,2,1750
281.mat,IR007_3,12000,FE,inner_race,0.007,,3,1730
282.mat,B007_0,12000,FE,rolling_element,0.007,,0,1797
283.mat,B007_1,12000,FE,rolling_element,0.007,,1,1772
284.mat,B007_2,12000,FE,rolling_element,0.007,,2,1750
285.mat,B007_3,12000,FE,rolling_element,0.007,,3,1730
286.mat,B014_0,12000,FE,rolling_element,0.014,,0,1797
287.mat,B014_1,12000,FE,rolling_element,0.014,,1,1772
288.mat,B014_2,12000,FE,rolling_element,0.014,,2,1750
289.mat,B014_3,12000,FE,rolling_element,0.014,,3,1730
290.mat,B021_0,12000,FE,rolling_element,0.021,,0,1797
291.mat,B021_1,12000,FE,rolling_element,0.021,,1,1772
292.mat,B021_2,12000,FE,rolling_element,0.021,,2,1750
293.mat,B021_3,12000,FE,rolling_element,0.021,,3,1730
294.mat,OR007@6_0,12000,FE,outer_race,0.007,6:00,0,1797
295.mat,OR007@6_1,12000,FE,outer_race,0.007,6:00,1,1772
296.mat,OR007@6_2,12000,FE,outer_race,0.007,6:00,2,1750
297.mat,OR007@6_3,12000,FE,outer_race,0.007,6:00,3,1730
298.mat,OR007@3_0,12000,FE,outer_race,0.007,3:00,0,1797
299.mat,OR007@3_1,12000,FE,outer_race,0.007,3:00,1,1772
300.mat,OR007@3_2,12000,FE,outer_race,0.007,3:00,2,1750
301.mat,OR007@3_3,12000,FE,outer_race,0.007,3:00,3,1730
302.mat,OR007@12_0,12000,FE,outer_race,0.007,12:00,0,1797
305.mat,OR007@12_1,12000,FE,outer_race,0.007,12:00,1,1772
306.mat,OR007@12_2,12000,FE,outer_race,0.007,12:00,2,1750
307.mat,OR007@12_3,12000,FE,outer_race,0.007,12:00,3,1730
309.mat,OR014@3_1,12000,FE,outer_race,0.014,3:00,1,1772
310.mat,OR014@3_0,12000,FE,outer_race,0.014,3:00,0,1797
311.mat,OR014@3_2,12000,FE,outer_race,0.014,3:00,2,1750
312.mat,OR014@3_3,12000,FE,outer_race,0.014,3:00,3,1730
313.mat,OR014@6_0,12000,FE,outer_race,0.014,6:00,0,1797
315.mat,OR021@6_0,12000,FE,outer_race,0.021,6:00,0,1797
316.mat,OR021@3_1,12000,FE,outer_race,0.021,3:00,1,1772
317.mat,OR021@3_2,12000,FE,outer_race,0.021,3:00,2,1750
318.mat,OR021@3_3,12000,FE,outer_race,0.021,3:00,3,1730
3001.mat,IR028_0,12000,DE,inner_race,0.028,,0,1797
3002.mat,IR028_1,12000,DE,inner_race,0.028,,1,1772
3003.mat,IR028_2,12000,DE,inner_race,0.028,,2,1750
3004.mat,IR028_3,12000,DE,inner_race,0.028,,3,1730
3005.mat,B028_0,12000,DE,rolling_element,0.028,,0,1797
3006.mat,B028_1,12000,DE,rolling_element,0.028,,1,1772
3007.mat,B028_2,12000,DE,rolling_element,0.028,,2,1750
3008.mat,B028_3,12000,DE,rolling_element,0.028,,3,1730
