id,condition,rpm,belt_tension,counter_torque_nm
H1.1,normal,900,250,0
H1.5,normal,900,250,2
H1.9,normal,900,500,0
H1.13,normal,900,500,2
H1.2,normal,1000,250,0
H1.6,normal,1000,250,2
H1.10,normal,1000,500,0
H1.14,normal,1000,500,2
H1.4,normal,1375,250,0
H1.8,normal,1375,250,2
H1.12,normal,1375,500,0
H1.16,normal,1375,500,2
H1.3,normal,1500,250,0
H1.7,normal,1500,250,2
H1.11,normal,1500,500,0
H1.15,normal,1500,500,2
H1.49,pitting_I,900,250,0
H1.53,pitting_I,900,250,2
H1.57,pitting_I,900,500,0
H1.61,pitting_I,900,500,2
H1.50,pitting_I,1000,250,0
H1.54,pitting_I,1000,250,2
H1.58,pitting_I,1000,500,0
H1.62,pitting_I,1000,500,2
H1.52,pitting_I,1375,250,0
H1.56,pitting_I,1375,250,2
H1.60,pitting_I,1375,500,0
H1.64,pitting_I,1375,500,2
H1.51,pitting_I,1500,250,0
H1.55,pitting_I,1500,250,2
H1.59,pitting_I,1500,500,0
H1.63,pitting_I,1500,500,2
H1.97,pitting_II,900,250,0
H1.101,pitting_II,900,250,2
H1.105,pitting_II,900,500,0
H1.109,pitting_II,900,500,2
H1.98,pitting_II,1000,250,0
H1.102,pitting_II,1000,250,2
H1.106,pitting_II,1000,500,0
H1.110,pitting_II,1000,500,2
H1.100,pitting_II,1375,250,0
H1.104,pitting_II,1375,250,2
H1.108,pitting_II,1375,500,0
H1.112,pitting_II,1375,500,2
H1.99,pitting_II,1500,250,0
H1.103,pitting_II,1500,250,2
H1.107,pitting_II,1500,500,0
H1.111,pitting_II,1500,500,2
H1.65,pitting_III,900,250,0
H1.69,pitting_III,900,250,2
H1.73,pitting_III,900,500,0
H1.77,pitting_III,900,500,2
H1.66,pitting_III,1000,250,0
H1.70,pitting_III,1000,250,2
H1.74,pitting_III,1000,500,0
H1.78,pitting_III,1000,500,2
H1.68,pitting_III,1375,250,0
H1.72,pitting_III,1375,250,2
H1.76,pitting_III,1375,500,0
H1.80,pitting_III,1375,500,2
H1.67,pitting_III,1500,250,0
H1.71,pitting_III,1500,250,2
H1.75,pitting_III,1500,500,0
H1.79,pitting_III,1500,500,2
H1.17,pitting_IV,900,250,0
H1.21,pitting_IV,900,250,2
H1.25,pitting_IV,900,500,0
H1.29,pitting_IV,900,500,2
H1.18,pitting_IV,1000,250,0
H1.22,pitting_IV,1000,250,2
H1.26,pitting_IV,1000,500,0
H1.30,pitting_IV,1000,500,2
H1.20,pitting_IV,1375,250,0
H1.24,pitting_IV,1375,250,2
H1.28,pitting_IV,1375,500,0
H1.32,pitting_IV,1375,500,2
H1.19,pitting_IV,1500,250,0
H1.23,pitting_IV,1500,250,2
H1.27,pitting_IV,1500,500,0
H1.31,pitting_IV,1500,500,2
H1.81,pitting_V,900,250,0
H1.85,pitting_V,900,250,2
H1.89,pitting_V,900,500,0
H1.93,pitting_V,900,500,2
H1.82,pitting_V,1000,250,0
H1.86,pitting_V,1000,250,2
H1.90,pitting_V,1000,500,0
H1.94,pitting_V,1000,500,2
H1.84,pitting_V,1375,250,0
H1.88,pitting_V,1375,250,2
H1.92,pitting_V,1375,500,0
H1.96,pitting_V,1375,500,2
H1.83,pitting_V,1500,250,0
H1.87,pitting_V,1500,250,2
H1.91,pitting_V,1500,500,0
H1.95,pitting_V,1500,500,2
H1.33,scientific_fault,900,250,0
H1.37,scientific_fault,900,250,2
H1.41,scientific_fault,900,500,0
H1.45,scientific_fault,900,500,2
H1.34,scientific_fault,1000,250,0
H1.38,scientific_fault,1000,250,2
H1.42,scientific_fault,1000,500,0
H1.46,scientific_fault,1000,500,2
H1.36,scientific_fault,1375,250,0
H1.40,scientific_fault,1375,250,2
H1.44,scientific_fault,1375,500,0
H1.48,scientific_fault,1375,500,2
H1.35,scientific_fault,1500,250,0
H1.39,scientific_fault,1500,250,2
H1.43,scientific_fault,1500,500,0
H1.47,scientific_fault,1500,500,2
